id,problem,answer,4?512
229ee8,"Let $k, l > 0$ be parameters. The parabola $y = kx^2 - 2kx + l$ intersects the line $y = 4$ at two points $A$ and $B$. These points are distance 6 apart. What is the sum of the squares of the distances from $A$ and $B$ to the origin?",4,
246d26,Each of the three-digits numbers $111$ to $999$ is coloured blue or yellow in such a way that the sum of any two (not necessarily different) yellow numbers is equal to a blue number. What is the maximum possible number of yellow numbers there can be?,297,
2fc4ad,"Let the `sparkle' operation on positive integer $n$ consist of calculating the sum of the digits of $n$ and taking its factorial, e.g. the sparkle of 13 is $4! = 24$. A robot starts with a positive integer on a blackboard, then after each second for the rest of eternity, replaces the number on the board with its sparkle. For some `special' numbers, if they're the first number, then eventually every number that appears will be less than 6. How many such special numbers are there with at most 36 digits?",1,
430b63,What is the minimum value of $5x^2+5y^2-8xy$ when $x$ and $y$ range over all real numbers such that $|x-2y| + |y-2x| = 40$?,800,
5277ed,There exists a unique increasing geometric sequence of five 2-digit positive integers. What is their sum?,465,
739bc9,For how many positive integers $m$ does the equation \[\vert \vert x-1 \vert -2 \vert=\frac{m}{100}\] have $4$ distinct solutions?,1,
82e2a0,"Suppose that we roll four 6-sided fair dice with faces numbered 1 to~6. Let $a/b$ be the probability that the highest roll is a 5, where $a$ and $b$ are relatively prime positive integers. Find $a + b$.",921,
8ee6f3,"The points $\left(x, y\right)$ satisfying $((\vert x + y \vert - 10)^2 + ( \vert x - y \vert - 10)^2)((\vert x \vert - 8)^2 + ( \vert y \vert - 8)^2) = 0$ enclose a convex polygon. What is the area of this convex polygon?",128,
bedda4,Let $ABCD$ be a unit square. Let $P$ be the point on $AB$ such that $|AP| = 1/{20}$ and let $Q$ be the point on $AD$ such that $|AQ| = 1/{24}$. The lines $DP$ and $BQ$ divide the square into four regions. Find the ratio between the areas of the largest region and the smallest region.,1,
d7e9c9,A function $f: \mathbb N \to \mathbb N$ satisfies the following two conditions for all positive integers $n$:$f(f(f(n)))=8n-7$ and $f(2n)=2f(n)+1$. Calculate $f(100)$.,50,
id,problem,answer,20?512
229ee8,"Let $k, l > 0$ be parameters. The parabola $y = kx^2 - 2kx + l$ intersects the line $y = 4$ at two points $A$ and $B$. These points are distance 6 apart. What is the sum of the squares of the distances from $A$ and $B$ to the origin?",4,
246d26,Each of the three-digits numbers $111$ to $999$ is coloured blue or yellow in such a way that the sum of any two (not necessarily different) yellow numbers is equal to a blue number. What is the maximum possible number of yellow numbers there can be?,889,
2fc4ad,"Let the `sparkle' operation on positive integer $n$ consist of calculating the sum of the digits of $n$ and taking its factorial, e.g. the sparkle of 13 is $4! = 24$. A robot starts with a positive integer on a blackboard, then after each second for the rest of eternity, replaces the number on the board with its sparkle. For some `special' numbers, if they're the first number, then eventually every number that appears will be less than 6. How many such special numbers are there with at most 36 digits?",1,
430b63,What is the minimum value of $5x^2+5y^2-8xy$ when $x$ and $y$ range over all real numbers such that $|x-2y| + |y-2x| = 40$?,2,
5277ed,There exists a unique increasing geometric sequence of five 2-digit positive integers. What is their sum?,310,
739bc9,For how many positive integers $m$ does the equation \[\vert \vert x-1 \vert -2 \vert=\frac{m}{100}\] have $4$ distinct solutions?,1,
82e2a0,"Suppose that we roll four 6-sided fair dice with faces numbered 1 to~6. Let $a/b$ be the probability that the highest roll is a 5, where $a$ and $b$ are relatively prime positive integers. Find $a + b$.",97,
8ee6f3,"The points $\left(x, y\right)$ satisfying $((\vert x + y \vert - 10)^2 + ( \vert x - y \vert - 10)^2)((\vert x \vert - 8)^2 + ( \vert y \vert - 8)^2) = 0$ enclose a convex polygon. What is the area of this convex polygon?",256,
bedda4,Let $ABCD$ be a unit square. Let $P$ be the point on $AB$ such that $|AP| = 1/{20}$ and let $Q$ be the point on $AD$ such that $|AQ| = 1/{24}$. The lines $DP$ and $BQ$ divide the square into four regions. Find the ratio between the areas of the largest region and the smallest region.,1,
d7e9c9,A function $f: \mathbb N \to \mathbb N$ satisfies the following two conditions for all positive integers $n$:$f(f(f(n)))=8n-7$ and $f(2n)=2f(n)+1$. Calculate $f(100)$.,2,
id,problem,answer,20?2048? quant
229ee8,"Let $k, l > 0$ be parameters. The parabola $y = kx^2 - 2kx + l$ intersects the line $y = 4$ at two points $A$ and $B$. These points are distance 6 apart. What is the sum of the squares of the distances from $A$ and $B$ to the origin?",37,
246d26,Each of the three-digits numbers $111$ to $999$ is coloured blue or yellow in such a way that the sum of any two (not necessarily different) yellow numbers is equal to a blue number. What is the maximum possible number of yellow numbers there can be?,0,
2fc4ad,"Let the `sparkle' operation on positive integer $n$ consist of calculating the sum of the digits of $n$ and taking its factorial, e.g. the sparkle of 13 is $4! = 24$. A robot starts with a positive integer on a blackboard, then after each second for the rest of eternity, replaces the number on the board with its sparkle. For some `special' numbers, if they're the first number, then eventually every number that appears will be less than 6. How many such special numbers are there with at most 36 digits?",1,
430b63,What is the minimum value of $5x^2+5y^2-8xy$ when $x$ and $y$ range over all real numbers such that $|x-2y| + |y-2x| = 40$?,600,
5277ed,There exists a unique increasing geometric sequence of five 2-digit positive integers. What is their sum?,310,
739bc9,For how many positive integers $m$ does the equation \[\vert \vert x-1 \vert -2 \vert=\frac{m}{100}\] have $4$ distinct solutions?,100,
82e2a0,"Suppose that we roll four 6-sided fair dice with faces numbered 1 to~6. Let $a/b$ be the probability that the highest roll is a 5, where $a$ and $b$ are relatively prime positive integers. Find $a + b$.",449,
8ee6f3,"The points $\left(x, y\right)$ satisfying $((\vert x + y \vert - 10)^2 + ( \vert x - y \vert - 10)^2)((\vert x \vert - 8)^2 + ( \vert y \vert - 8)^2) = 0$ enclose a convex polygon. What is the area of this convex polygon?",320,
bedda4,Let $ABCD$ be a unit square. Let $P$ be the point on $AB$ such that $|AP| = 1/{20}$ and let $Q$ be the point on $AD$ such that $|AQ| = 1/{24}$. The lines $DP$ and $BQ$ divide the square into four regions. Find the ratio between the areas of the largest region and the smallest region.,0,
d7e9c9,A function $f: \mathbb N \to \mathbb N$ satisfies the following two conditions for all positive integers $n$:$f(f(f(n)))=8n-7$ and $f(2n)=2f(n)+1$. Calculate $f(100)$.,61,
id,problem,answer,"4, 2048"
229ee8,"Let $k, l > 0$ be parameters. The parabola $y = kx^2 - 2kx + l$ intersects the line $y = 4$ at two points $A$ and $B$. These points are distance 6 apart. What is the sum of the squares of the distances from $A$ and $B$ to the origin?",40,
246d26,Each of the three-digits numbers $111$ to $999$ is coloured blue or yellow in such a way that the sum of any two (not necessarily different) yellow numbers is equal to a blue number. What is the maximum possible number of yellow numbers there can be?,7,
2fc4ad,"Let the `sparkle' operation on positive integer $n$ consist of calculating the sum of the digits of $n$ and taking its factorial, e.g. the sparkle of 13 is $4! = 24$. A robot starts with a positive integer on a blackboard, then after each second for the rest of eternity, replaces the number on the board with its sparkle. For some `special' numbers, if they're the first number, then eventually every number that appears will be less than 6. How many such special numbers are there with at most 36 digits?",1,
430b63,What is the minimum value of $5x^2+5y^2-8xy$ when $x$ and $y$ range over all real numbers such that $|x-2y| + |y-2x| = 40$?,800,
5277ed,There exists a unique increasing geometric sequence of five 2-digit positive integers. What is their sum?,62,
739bc9,For how many positive integers $m$ does the equation \[\vert \vert x-1 \vert -2 \vert=\frac{m}{100}\] have $4$ distinct solutions?,200,
82e2a0,"Suppose that we roll four 6-sided fair dice with faces numbered 1 to~6. Let $a/b$ be the probability that the highest roll is a 5, where $a$ and $b$ are relatively prime positive integers. Find $a + b$.",421,
8ee6f3,"The points $\left(x, y\right)$ satisfying $((\vert x + y \vert - 10)^2 + ( \vert x - y \vert - 10)^2)((\vert x \vert - 8)^2 + ( \vert y \vert - 8)^2) = 0$ enclose a convex polygon. What is the area of this convex polygon?",400,
bedda4,Let $ABCD$ be a unit square. Let $P$ be the point on $AB$ such that $|AP| = 1/{20}$ and let $Q$ be the point on $AD$ such that $|AQ| = 1/{24}$. The lines $DP$ and $BQ$ divide the square into four regions. Find the ratio between the areas of the largest region and the smallest region.,680,
d7e9c9,A function $f: \mathbb N \to \mathbb N$ satisfies the following two conditions for all positive integers $n$:$f(f(f(n)))=8n-7$ and $f(2n)=2f(n)+1$. Calculate $f(100)$.,196,
id,problem,answer,
229ee8,"Let $k, l > 0$ be parameters. The parabola $y = kx^2 - 2kx + l$ intersects the line $y = 4$ at two points $A$ and $B$. These points are distance 6 apart. What is the sum of the squares of the distances from $A$ and $B$ to the origin?",12,
246d26,Each of the three-digits numbers $111$ to $999$ is coloured blue or yellow in such a way that the sum of any two (not necessarily different) yellow numbers is equal to a blue number. What is the maximum possible number of yellow numbers there can be?,4,
2fc4ad,"Let the `sparkle' operation on positive integer $n$ consist of calculating the sum of the digits of $n$ and taking its factorial, e.g. the sparkle of 13 is $4! = 24$. A robot starts with a positive integer on a blackboard, then after each second for the rest of eternity, replaces the number on the board with its sparkle. For some `special' numbers, if they're the first number, then eventually every number that appears will be less than 6. How many such special numbers are there with at most 36 digits?",1,
430b63,What is the minimum value of $5x^2+5y^2-8xy$ when $x$ and $y$ range over all real numbers such that $|x-2y| + |y-2x| = 40$?,600,
5277ed,There exists a unique increasing geometric sequence of five 2-digit positive integers. What is their sum?,219,
739bc9,For how many positive integers $m$ does the equation \[\vert \vert x-1 \vert -2 \vert=\frac{m}{100}\] have $4$ distinct solutions?,198,
82e2a0,"Suppose that we roll four 6-sided fair dice with faces numbered 1 to~6. Let $a/b$ be the probability that the highest roll is a 5, where $a$ and $b$ are relatively prime positive integers. Find $a + b$.",967,
8ee6f3,"The points $\left(x, y\right)$ satisfying $((\vert x + y \vert - 10)^2 + ( \vert x - y \vert - 10)^2)((\vert x \vert - 8)^2 + ( \vert y \vert - 8)^2) = 0$ enclose a convex polygon. What is the area of this convex polygon?",448,
bedda4,Let $ABCD$ be a unit square. Let $P$ be the point on $AB$ such that $|AP| = 1/{20}$ and let $Q$ be the point on $AD$ such that $|AQ| = 1/{24}$. The lines $DP$ and $BQ$ divide the square into four regions. Find the ratio between the areas of the largest region and the smallest region.,1,
d7e9c9,A function $f: \mathbb N \to \mathbb N$ satisfies the following two conditions for all positive integers $n$:$f(f(f(n)))=8n-7$ and $f(2n)=2f(n)+1$. Calculate $f(100)$.,100,
id,problem,answer,
229ee8,"Let $k, l > 0$ be parameters. The parabola $y = kx^2 - 2kx + l$ intersects the line $y = 4$ at two points $A$ and $B$. These points are distance 6 apart. What is the sum of the squares of the distances from $A$ and $B$ to the origin?",2,
246d26,Each of the three-digits numbers $111$ to $999$ is coloured blue or yellow in such a way that the sum of any two (not necessarily different) yellow numbers is equal to a blue number. What is the maximum possible number of yellow numbers there can be?,11,
2fc4ad,"Let the `sparkle' operation on positive integer $n$ consist of calculating the sum of the digits of $n$ and taking its factorial, e.g. the sparkle of 13 is $4! = 24$. A robot starts with a positive integer on a blackboard, then after each second for the rest of eternity, replaces the number on the board with its sparkle. For some `special' numbers, if they're the first number, then eventually every number that appears will be less than 6. How many such special numbers are there with at most 36 digits?",36,
430b63,What is the minimum value of $5x^2+5y^2-8xy$ when $x$ and $y$ range over all real numbers such that $|x-2y| + |y-2x| = 40$?,400,
5277ed,There exists a unique increasing geometric sequence of five 2-digit positive integers. What is their sum?,242,
739bc9,For how many positive integers $m$ does the equation \[\vert \vert x-1 \vert -2 \vert=\frac{m}{100}\] have $4$ distinct solutions?,100,
82e2a0,"Suppose that we roll four 6-sided fair dice with faces numbered 1 to~6. Let $a/b$ be the probability that the highest roll is a 5, where $a$ and $b$ are relatively prime positive integers. Find $a + b$.",97,
8ee6f3,"The points $\left(x, y\right)$ satisfying $((\vert x + y \vert - 10)^2 + ( \vert x - y \vert - 10)^2)((\vert x \vert - 8)^2 + ( \vert y \vert - 8)^2) = 0$ enclose a convex polygon. What is the area of this convex polygon?",256,
bedda4,Let $ABCD$ be a unit square. Let $P$ be the point on $AB$ such that $|AP| = 1/{20}$ and let $Q$ be the point on $AD$ such that $|AQ| = 1/{24}$. The lines $DP$ and $BQ$ divide the square into four regions. Find the ratio between the areas of the largest region and the smallest region.,1,
d7e9c9,A function $f: \mathbb N \to \mathbb N$ satisfies the following two conditions for all positive integers $n$:$f(f(f(n)))=8n-7$ and $f(2n)=2f(n)+1$. Calculate $f(100)$.,7,
id,problem,answer,
229ee8,"Let $k, l > 0$ be parameters. The parabola $y = kx^2 - 2kx + l$ intersects the line $y = 4$ at two points $A$ and $B$. These points are distance 6 apart. What is the sum of the squares of the distances from $A$ and $B$ to the origin?",4,
246d26,Each of the three-digits numbers $111$ to $999$ is coloured blue or yellow in such a way that the sum of any two (not necessarily different) yellow numbers is equal to a blue number. What is the maximum possible number of yellow numbers there can be?,3,
2fc4ad,"Let the `sparkle' operation on positive integer $n$ consist of calculating the sum of the digits of $n$ and taking its factorial, e.g. the sparkle of 13 is $4! = 24$. A robot starts with a positive integer on a blackboard, then after each second for the rest of eternity, replaces the number on the board with its sparkle. For some `special' numbers, if they're the first number, then eventually every number that appears will be less than 6. How many such special numbers are there with at most 36 digits?",1,
430b63,What is the minimum value of $5x^2+5y^2-8xy$ when $x$ and $y$ range over all real numbers such that $|x-2y| + |y-2x| = 40$?,0,
5277ed,There exists a unique increasing geometric sequence of five 2-digit positive integers. What is their sum?,62,
739bc9,For how many positive integers $m$ does the equation \[\vert \vert x-1 \vert -2 \vert=\frac{m}{100}\] have $4$ distinct solutions?,100,
82e2a0,"Suppose that we roll four 6-sided fair dice with faces numbered 1 to~6. Let $a/b$ be the probability that the highest roll is a 5, where $a$ and $b$ are relatively prime positive integers. Find $a + b$.",97,
8ee6f3,"The points $\left(x, y\right)$ satisfying $((\vert x + y \vert - 10)^2 + ( \vert x - y \vert - 10)^2)((\vert x \vert - 8)^2 + ( \vert y \vert - 8)^2) = 0$ enclose a convex polygon. What is the area of this convex polygon?",100,
bedda4,Let $ABCD$ be a unit square. Let $P$ be the point on $AB$ such that $|AP| = 1/{20}$ and let $Q$ be the point on $AD$ such that $|AQ| = 1/{24}$. The lines $DP$ and $BQ$ divide the square into four regions. Find the ratio between the areas of the largest region and the smallest region.,916,
d7e9c9,A function $f: \mathbb N \to \mathbb N$ satisfies the following two conditions for all positive integers $n$:$f(f(f(n)))=8n-7$ and $f(2n)=2f(n)+1$. Calculate $f(100)$.,127,
id,problem,answer,
229ee8,"Let $k, l > 0$ be parameters. The parabola $y = kx^2 - 2kx + l$ intersects the line $y = 4$ at two points $A$ and $B$. These points are distance 6 apart. What is the sum of the squares of the distances from $A$ and $B$ to the origin?",4,
246d26,Each of the three-digits numbers $111$ to $999$ is coloured blue or yellow in such a way that the sum of any two (not necessarily different) yellow numbers is equal to a blue number. What is the maximum possible number of yellow numbers there can be?,511,
2fc4ad,"Let the `sparkle' operation on positive integer $n$ consist of calculating the sum of the digits of $n$ and taking its factorial, e.g. the sparkle of 13 is $4! = 24$. A robot starts with a positive integer on a blackboard, then after each second for the rest of eternity, replaces the number on the board with its sparkle. For some `special' numbers, if they're the first number, then eventually every number that appears will be less than 6. How many such special numbers are there with at most 36 digits?",1,
430b63,What is the minimum value of $5x^2+5y^2-8xy$ when $x$ and $y$ range over all real numbers such that $|x-2y| + |y-2x| = 40$?,0,
5277ed,There exists a unique increasing geometric sequence of five 2-digit positive integers. What is their sum?,310,
739bc9,For how many positive integers $m$ does the equation \[\vert \vert x-1 \vert -2 \vert=\frac{m}{100}\] have $4$ distinct solutions?,1,
82e2a0,"Suppose that we roll four 6-sided fair dice with faces numbered 1 to~6. Let $a/b$ be the probability that the highest roll is a 5, where $a$ and $b$ are relatively prime positive integers. Find $a + b$.",967,
8ee6f3,"The points $\left(x, y\right)$ satisfying $((\vert x + y \vert - 10)^2 + ( \vert x - y \vert - 10)^2)((\vert x \vert - 8)^2 + ( \vert y \vert - 8)^2) = 0$ enclose a convex polygon. What is the area of this convex polygon?",400,
bedda4,Let $ABCD$ be a unit square. Let $P$ be the point on $AB$ such that $|AP| = 1/{20}$ and let $Q$ be the point on $AD$ such that $|AQ| = 1/{24}$. The lines $DP$ and $BQ$ divide the square into four regions. Find the ratio between the areas of the largest region and the smallest region.,2,
d7e9c9,A function $f: \mathbb N \to \mathbb N$ satisfies the following two conditions for all positive integers $n$:$f(f(f(n)))=8n-7$ and $f(2n)=2f(n)+1$. Calculate $f(100)$.,199,
id,problem,answer,
229ee8,"Let $k, l > 0$ be parameters. The parabola $y = kx^2 - 2kx + l$ intersects the line $y = 4$ at two points $A$ and $B$. These points are distance 6 apart. What is the sum of the squares of the distances from $A$ and $B$ to the origin?",2,
246d26,Each of the three-digits numbers $111$ to $999$ is coloured blue or yellow in such a way that the sum of any two (not necessarily different) yellow numbers is equal to a blue number. What is the maximum possible number of yellow numbers there can be?,4,
2fc4ad,"Let the `sparkle' operation on positive integer $n$ consist of calculating the sum of the digits of $n$ and taking its factorial, e.g. the sparkle of 13 is $4! = 24$. A robot starts with a positive integer on a blackboard, then after each second for the rest of eternity, replaces the number on the board with its sparkle. For some `special' numbers, if they're the first number, then eventually every number that appears will be less than 6. How many such special numbers are there with at most 36 digits?",37,
430b63,What is the minimum value of $5x^2+5y^2-8xy$ when $x$ and $y$ range over all real numbers such that $|x-2y| + |y-2x| = 40$?,0,
5277ed,There exists a unique increasing geometric sequence of five 2-digit positive integers. What is their sum?,310,
739bc9,For how many positive integers $m$ does the equation \[\vert \vert x-1 \vert -2 \vert=\frac{m}{100}\] have $4$ distinct solutions?,1,
82e2a0,"Suppose that we roll four 6-sided fair dice with faces numbered 1 to~6. Let $a/b$ be the probability that the highest roll is a 5, where $a$ and $b$ are relatively prime positive integers. Find $a + b$.",312,
8ee6f3,"The points $\left(x, y\right)$ satisfying $((\vert x + y \vert - 10)^2 + ( \vert x - y \vert - 10)^2)((\vert x \vert - 8)^2 + ( \vert y \vert - 8)^2) = 0$ enclose a convex polygon. What is the area of this convex polygon?",256,
bedda4,Let $ABCD$ be a unit square. Let $P$ be the point on $AB$ such that $|AP| = 1/{20}$ and let $Q$ be the point on $AD$ such that $|AQ| = 1/{24}$. The lines $DP$ and $BQ$ divide the square into four regions. Find the ratio between the areas of the largest region and the smallest region.,1,
d7e9c9,A function $f: \mathbb N \to \mathbb N$ satisfies the following two conditions for all positive integers $n$:$f(f(f(n)))=8n-7$ and $f(2n)=2f(n)+1$. Calculate $f(100)$.,127,
id,problem,answer,
229ee8,"Let $k, l > 0$ be parameters. The parabola $y = kx^2 - 2kx + l$ intersects the line $y = 4$ at two points $A$ and $B$. These points are distance 6 apart. What is the sum of the squares of the distances from $A$ and $B$ to the origin?",2,
246d26,Each of the three-digits numbers $111$ to $999$ is coloured blue or yellow in such a way that the sum of any two (not necessarily different) yellow numbers is equal to a blue number. What is the maximum possible number of yellow numbers there can be?,30,
2fc4ad,"Let the `sparkle' operation on positive integer $n$ consist of calculating the sum of the digits of $n$ and taking its factorial, e.g. the sparkle of 13 is $4! = 24$. A robot starts with a positive integer on a blackboard, then after each second for the rest of eternity, replaces the number on the board with its sparkle. For some `special' numbers, if they're the first number, then eventually every number that appears will be less than 6. How many such special numbers are there with at most 36 digits?",1,
430b63,What is the minimum value of $5x^2+5y^2-8xy$ when $x$ and $y$ range over all real numbers such that $|x-2y| + |y-2x| = 40$?,0,
5277ed,There exists a unique increasing geometric sequence of five 2-digit positive integers. What is their sum?,310,
739bc9,For how many positive integers $m$ does the equation \[\vert \vert x-1 \vert -2 \vert=\frac{m}{100}\] have $4$ distinct solutions?,100,
82e2a0,"Suppose that we roll four 6-sided fair dice with faces numbered 1 to~6. Let $a/b$ be the probability that the highest roll is a 5, where $a$ and $b$ are relatively prime positive integers. Find $a + b$.",449,
8ee6f3,"The points $\left(x, y\right)$ satisfying $((\vert x + y \vert - 10)^2 + ( \vert x - y \vert - 10)^2)((\vert x \vert - 8)^2 + ( \vert y \vert - 8)^2) = 0$ enclose a convex polygon. What is the area of this convex polygon?",400,
bedda4,Let $ABCD$ be a unit square. Let $P$ be the point on $AB$ such that $|AP| = 1/{20}$ and let $Q$ be the point on $AD$ such that $|AQ| = 1/{24}$. The lines $DP$ and $BQ$ divide the square into four regions. Find the ratio between the areas of the largest region and the smallest region.,20,
d7e9c9,A function $f: \mathbb N \to \mathbb N$ satisfies the following two conditions for all positive integers $n$:$f(f(f(n)))=8n-7$ and $f(2n)=2f(n)+1$. Calculate $f(100)$.,21,
id,problem,answer
229ee8,"Let $k, l > 0$ be parameters. The parabola $y = kx^2 - 2kx + l$ intersects the line $y = 4$ at two points $A$ and $B$. These points are distance 6 apart. What is the sum of the squares of the distances from $A$ and $B$ to the origin?",4
246d26,Each of the three-digits numbers $111$ to $999$ is coloured blue or yellow in such a way that the sum of any two (not necessarily different) yellow numbers is equal to a blue number. What is the maximum possible number of yellow numbers there can be?,4
2fc4ad,"Let the `sparkle' operation on positive integer $n$ consist of calculating the sum of the digits of $n$ and taking its factorial, e.g. the sparkle of 13 is $4! = 24$. A robot starts with a positive integer on a blackboard, then after each second for the rest of eternity, replaces the number on the board with its sparkle. For some `special' numbers, if they're the first number, then eventually every number that appears will be less than 6. How many such special numbers are there with at most 36 digits?",1
430b63,What is the minimum value of $5x^2+5y^2-8xy$ when $x$ and $y$ range over all real numbers such that $|x-2y| + |y-2x| = 40$?,800
5277ed,There exists a unique increasing geometric sequence of five 2-digit positive integers. What is their sum?,837
739bc9,For how many positive integers $m$ does the equation \[\vert \vert x-1 \vert -2 \vert=\frac{m}{100}\] have $4$ distinct solutions?,1
82e2a0,"Suppose that we roll four 6-sided fair dice with faces numbered 1 to~6. Let $a/b$ be the probability that the highest roll is a 5, where $a$ and $b$ are relatively prime positive integers. Find $a + b$.",449
8ee6f3,"The points $\left(x, y\right)$ satisfying $((\vert x + y \vert - 10)^2 + ( \vert x - y \vert - 10)^2)((\vert x \vert - 8)^2 + ( \vert y \vert - 8)^2) = 0$ enclose a convex polygon. What is the area of this convex polygon?",100
bedda4,Let $ABCD$ be a unit square. Let $P$ be the point on $AB$ such that $|AP| = 1/{20}$ and let $Q$ be the point on $AD$ such that $|AQ| = 1/{24}$. The lines $DP$ and $BQ$ divide the square into four regions. Find the ratio between the areas of the largest region and the smallest region.,437
d7e9c9,A function $f: \mathbb N \to \mathbb N$ satisfies the following two conditions for all positive integers $n$:$f(f(f(n)))=8n-7$ and $f(2n)=2f(n)+1$. Calculate $f(100)$.,805
id,problem,answer
229ee8,"Let $k, l > 0$ be parameters. The parabola $y = kx^2 - 2kx + l$ intersects the line $y = 4$ at two points $A$ and $B$. These points are distance 6 apart. What is the sum of the squares of the distances from $A$ and $B$ to the origin?",4
246d26,Each of the three-digits numbers $111$ to $999$ is coloured blue or yellow in such a way that the sum of any two (not necessarily different) yellow numbers is equal to a blue number. What is the maximum possible number of yellow numbers there can be?,4
2fc4ad,"Let the `sparkle' operation on positive integer $n$ consist of calculating the sum of the digits of $n$ and taking its factorial, e.g. the sparkle of 13 is $4! = 24$. A robot starts with a positive integer on a blackboard, then after each second for the rest of eternity, replaces the number on the board with its sparkle. For some `special' numbers, if they're the first number, then eventually every number that appears will be less than 6. How many such special numbers are there with at most 36 digits?",1
430b63,What is the minimum value of $5x^2+5y^2-8xy$ when $x$ and $y$ range over all real numbers such that $|x-2y| + |y-2x| = 40$?,800
5277ed,There exists a unique increasing geometric sequence of five 2-digit positive integers. What is their sum?,837
739bc9,For how many positive integers $m$ does the equation \[\vert \vert x-1 \vert -2 \vert=\frac{m}{100}\] have $4$ distinct solutions?,1
82e2a0,"Suppose that we roll four 6-sided fair dice with faces numbered 1 to~6. Let $a/b$ be the probability that the highest roll is a 5, where $a$ and $b$ are relatively prime positive integers. Find $a + b$.",449
8ee6f3,"The points $\left(x, y\right)$ satisfying $((\vert x + y \vert - 10)^2 + ( \vert x - y \vert - 10)^2)((\vert x \vert - 8)^2 + ( \vert y \vert - 8)^2) = 0$ enclose a convex polygon. What is the area of this convex polygon?",100
bedda4,Let $ABCD$ be a unit square. Let $P$ be the point on $AB$ such that $|AP| = 1/{20}$ and let $Q$ be the point on $AD$ such that $|AQ| = 1/{24}$. The lines $DP$ and $BQ$ divide the square into four regions. Find the ratio between the areas of the largest region and the smallest region.,437
d7e9c9,A function $f: \mathbb N \to \mathbb N$ satisfies the following two conditions for all positive integers $n$:$f(f(f(n)))=8n-7$ and $f(2n)=2f(n)+1$. Calculate $f(100)$.,805
id,problem,answer
229ee8,"Let $k, l > 0$ be parameters. The parabola $y = kx^2 - 2kx + l$ intersects the line $y = 4$ at two points $A$ and $B$. These points are distance 6 apart. What is the sum of the squares of the distances from $A$ and $B$ to the origin?",2
246d26,Each of the three-digits numbers $111$ to $999$ is coloured blue or yellow in such a way that the sum of any two (not necessarily different) yellow numbers is equal to a blue number. What is the maximum possible number of yellow numbers there can be?,1
2fc4ad,"Let the `sparkle' operation on positive integer $n$ consist of calculating the sum of the digits of $n$ and taking its factorial, e.g. the sparkle of 13 is $4! = 24$. A robot starts with a positive integer on a blackboard, then after each second for the rest of eternity, replaces the number on the board with its sparkle. For some `special' numbers, if they're the first number, then eventually every number that appears will be less than 6. How many such special numbers are there with at most 36 digits?",5
430b63,What is the minimum value of $5x^2+5y^2-8xy$ when $x$ and $y$ range over all real numbers such that $|x-2y| + |y-2x| = 40$?,2
5277ed,There exists a unique increasing geometric sequence of five 2-digit positive integers. What is their sum?,2
739bc9,For how many positive integers $m$ does the equation \[\vert \vert x-1 \vert -2 \vert=\frac{m}{100}\] have $4$ distinct solutions?,3
82e2a0,"Suppose that we roll four 6-sided fair dice with faces numbered 1 to~6. Let $a/b$ be the probability that the highest roll is a 5, where $a$ and $b$ are relatively prime positive integers. Find $a + b$.",2
8ee6f3,"The points $\left(x, y\right)$ satisfying $((\vert x + y \vert - 10)^2 + ( \vert x - y \vert - 10)^2)((\vert x \vert - 8)^2 + ( \vert y \vert - 8)^2) = 0$ enclose a convex polygon. What is the area of this convex polygon?",1
bedda4,Let $ABCD$ be a unit square. Let $P$ be the point on $AB$ such that $|AP| = 1/{20}$ and let $Q$ be the point on $AD$ such that $|AQ| = 1/{24}$. The lines $DP$ and $BQ$ divide the square into four regions. Find the ratio between the areas of the largest region and the smallest region.,1
d7e9c9,A function $f: \mathbb N \to \mathbb N$ satisfies the following two conditions for all positive integers $n$:$f(f(f(n)))=8n-7$ and $f(2n)=2f(n)+1$. Calculate $f(100)$.,1
id,problem,answer
229ee8,"Let $k, l > 0$ be parameters. The parabola $y = kx^2 - 2kx + l$ intersects the line $y = 4$ at two points $A$ and $B$. These points are distance 6 apart. What is the sum of the squares of the distances from $A$ and $B$ to the origin?",0
246d26,Each of the three-digits numbers $111$ to $999$ is coloured blue or yellow in such a way that the sum of any two (not necessarily different) yellow numbers is equal to a blue number. What is the maximum possible number of yellow numbers there can be?,650
2fc4ad,"Let the `sparkle' operation on positive integer $n$ consist of calculating the sum of the digits of $n$ and taking its factorial, e.g. the sparkle of 13 is $4! = 24$. A robot starts with a positive integer on a blackboard, then after each second for the rest of eternity, replaces the number on the board with its sparkle. For some `special' numbers, if they're the first number, then eventually every number that appears will be less than 6. How many such special numbers are there with at most 36 digits?",8
430b63,What is the minimum value of $5x^2+5y^2-8xy$ when $x$ and $y$ range over all real numbers such that $|x-2y| + |y-2x| = 40$?,800
5277ed,There exists a unique increasing geometric sequence of five 2-digit positive integers. What is their sum?,310
739bc9,For how many positive integers $m$ does the equation \[\vert \vert x-1 \vert -2 \vert=\frac{m}{100}\] have $4$ distinct solutions?,200
82e2a0,"Suppose that we roll four 6-sided fair dice with faces numbered 1 to~6. Let $a/b$ be the probability that the highest roll is a 5, where $a$ and $b$ are relatively prime positive integers. Find $a + b$.",421
8ee6f3,"The points $\left(x, y\right)$ satisfying $((\vert x + y \vert - 10)^2 + ( \vert x - y \vert - 10)^2)((\vert x \vert - 8)^2 + ( \vert y \vert - 8)^2) = 0$ enclose a convex polygon. What is the area of this convex polygon?",256
bedda4,Let $ABCD$ be a unit square. Let $P$ be the point on $AB$ such that $|AP| = 1/{20}$ and let $Q$ be the point on $AD$ such that $|AQ| = 1/{24}$. The lines $DP$ and $BQ$ divide the square into four regions. Find the ratio between the areas of the largest region and the smallest region.,437
d7e9c9,A function $f: \mathbb N \to \mathbb N$ satisfies the following two conditions for all positive integers $n$:$f(f(f(n)))=8n-7$ and $f(2n)=2f(n)+1$. Calculate $f(100)$.,1
id,problem,answer
229ee8,"Let $k, l > 0$ be parameters. The parabola $y = kx^2 - 2kx + l$ intersects the line $y = 4$ at two points $A$ and $B$. These points are distance 6 apart. What is the sum of the squares of the distances from $A$ and $B$ to the origin?",52
246d26,Each of the three-digits numbers $111$ to $999$ is coloured blue or yellow in such a way that the sum of any two (not necessarily different) yellow numbers is equal to a blue number. What is the maximum possible number of yellow numbers there can be?,890
2fc4ad,"Let the `sparkle' operation on positive integer $n$ consist of calculating the sum of the digits of $n$ and taking its factorial, e.g. the sparkle of 13 is $4! = 24$. A robot starts with a positive integer on a blackboard, then after each second for the rest of eternity, replaces the number on the board with its sparkle. For some `special' numbers, if they're the first number, then eventually every number that appears will be less than 6. How many such special numbers are there with at most 36 digits?",29
430b63,What is the minimum value of $5x^2+5y^2-8xy$ when $x$ and $y$ range over all real numbers such that $|x-2y| + |y-2x| = 40$?,800
5277ed,There exists a unique increasing geometric sequence of five 2-digit positive integers. What is their sum?,310
739bc9,For how many positive integers $m$ does the equation \[\vert \vert x-1 \vert -2 \vert=\frac{m}{100}\] have $4$ distinct solutions?,100
82e2a0,"Suppose that we roll four 6-sided fair dice with faces numbered 1 to~6. Let $a/b$ be the probability that the highest roll is a 5, where $a$ and $b$ are relatively prime positive integers. Find $a + b$.",921
8ee6f3,"The points $\left(x, y\right)$ satisfying $((\vert x + y \vert - 10)^2 + ( \vert x - y \vert - 10)^2)((\vert x \vert - 8)^2 + ( \vert y \vert - 8)^2) = 0$ enclose a convex polygon. What is the area of this convex polygon?",356
bedda4,Let $ABCD$ be a unit square. Let $P$ be the point on $AB$ such that $|AP| = 1/{20}$ and let $Q$ be the point on $AD$ such that $|AQ| = 1/{24}$. The lines $DP$ and $BQ$ divide the square into four regions. Find the ratio between the areas of the largest region and the smallest region.,0
d7e9c9,A function $f: \mathbb N \to \mathbb N$ satisfies the following two conditions for all positive integers $n$:$f(f(f(n)))=8n-7$ and $f(2n)=2f(n)+1$. Calculate $f(100)$.,359
id,problem,answer
229ee8,"Let $k, l > 0$ be parameters. The parabola $y = kx^2 - 2kx + l$ intersects the line $y = 4$ at two points $A$ and $B$. These points are distance 6 apart. What is the sum of the squares of the distances from $A$ and $B$ to the origin?",16
246d26,Each of the three-digits numbers $111$ to $999$ is coloured blue or yellow in such a way that the sum of any two (not necessarily different) yellow numbers is equal to a blue number. What is the maximum possible number of yellow numbers there can be?,9
2fc4ad,"Let the `sparkle' operation on positive integer $n$ consist of calculating the sum of the digits of $n$ and taking its factorial, e.g. the sparkle of 13 is $4! = 24$. A robot starts with a positive integer on a blackboard, then after each second for the rest of eternity, replaces the number on the board with its sparkle. For some `special' numbers, if they're the first number, then eventually every number that appears will be less than 6. How many such special numbers are there with at most 36 digits?",-1
430b63,What is the minimum value of $5x^2+5y^2-8xy$ when $x$ and $y$ range over all real numbers such that $|x-2y| + |y-2x| = 40$?,-1
5277ed,There exists a unique increasing geometric sequence of five 2-digit positive integers. What is their sum?,310
739bc9,For how many positive integers $m$ does the equation \[\vert \vert x-1 \vert -2 \vert=\frac{m}{100}\] have $4$ distinct solutions?,100
82e2a0,"Suppose that we roll four 6-sided fair dice with faces numbered 1 to~6. Let $a/b$ be the probability that the highest roll is a 5, where $a$ and $b$ are relatively prime positive integers. Find $a + b$.",145
8ee6f3,"The points $\left(x, y\right)$ satisfying $((\vert x + y \vert - 10)^2 + ( \vert x - y \vert - 10)^2)((\vert x \vert - 8)^2 + ( \vert y \vert - 8)^2) = 0$ enclose a convex polygon. What is the area of this convex polygon?",200
bedda4,Let $ABCD$ be a unit square. Let $P$ be the point on $AB$ such that $|AP| = 1/{20}$ and let $Q$ be the point on $AD$ such that $|AQ| = 1/{24}$. The lines $DP$ and $BQ$ divide the square into four regions. Find the ratio between the areas of the largest region and the smallest region.,1
d7e9c9,A function $f: \mathbb N \to \mathbb N$ satisfies the following two conditions for all positive integers $n$:$f(f(f(n)))=8n-7$ and $f(2n)=2f(n)+1$. Calculate $f(100)$.,127
id,problem,answer
229ee8,"Let $k, l > 0$ be parameters. The parabola $y = kx^2 - 2kx + l$ intersects the line $y = 4$ at two points $A$ and $B$. These points are distance 6 apart. What is the sum of the squares of the distances from $A$ and $B$ to the origin?",52
246d26,Each of the three-digits numbers $111$ to $999$ is coloured blue or yellow in such a way that the sum of any two (not necessarily different) yellow numbers is equal to a blue number. What is the maximum possible number of yellow numbers there can be?,227
2fc4ad,"Let the `sparkle' operation on positive integer $n$ consist of calculating the sum of the digits of $n$ and taking its factorial, e.g. the sparkle of 13 is $4! = 24$. A robot starts with a positive integer on a blackboard, then after each second for the rest of eternity, replaces the number on the board with its sparkle. For some `special' numbers, if they're the first number, then eventually every number that appears will be less than 6. How many such special numbers are there with at most 36 digits?",3
430b63,What is the minimum value of $5x^2+5y^2-8xy$ when $x$ and $y$ range over all real numbers such that $|x-2y| + |y-2x| = 40$?,800
5277ed,There exists a unique increasing geometric sequence of five 2-digit positive integers. What is their sum?,496
739bc9,For how many positive integers $m$ does the equation \[\vert \vert x-1 \vert -2 \vert=\frac{m}{100}\] have $4$ distinct solutions?,100
82e2a0,"Suppose that we roll four 6-sided fair dice with faces numbered 1 to~6. Let $a/b$ be the probability that the highest roll is a 5, where $a$ and $b$ are relatively prime positive integers. Find $a + b$.",967
8ee6f3,"The points $\left(x, y\right)$ satisfying $((\vert x + y \vert - 10)^2 + ( \vert x - y \vert - 10)^2)((\vert x \vert - 8)^2 + ( \vert y \vert - 8)^2) = 0$ enclose a convex polygon. What is the area of this convex polygon?",400
bedda4,Let $ABCD$ be a unit square. Let $P$ be the point on $AB$ such that $|AP| = 1/{20}$ and let $Q$ be the point on $AD$ such that $|AQ| = 1/{24}$. The lines $DP$ and $BQ$ divide the square into four regions. Find the ratio between the areas of the largest region and the smallest region.,832
d7e9c9,A function $f: \mathbb N \to \mathbb N$ satisfies the following two conditions for all positive integers $n$:$f(f(f(n)))=8n-7$ and $f(2n)=2f(n)+1$. Calculate $f(100)$.,199
id,problem,answer
229ee8,"Let $k, l > 0$ be parameters. The parabola $y = kx^2 - 2kx + l$ intersects the line $y = 4$ at two points $A$ and $B$. These points are distance 6 apart. What is the sum of the squares of the distances from $A$ and $B$ to the origin?",0
246d26,Each of the three-digits numbers $111$ to $999$ is coloured blue or yellow in such a way that the sum of any two (not necessarily different) yellow numbers is equal to a blue number. What is the maximum possible number of yellow numbers there can be?,8
2fc4ad,"Let the `sparkle' operation on positive integer $n$ consist of calculating the sum of the digits of $n$ and taking its factorial, e.g. the sparkle of 13 is $4! = 24$. A robot starts with a positive integer on a blackboard, then after each second for the rest of eternity, replaces the number on the board with its sparkle. For some `special' numbers, if they're the first number, then eventually every number that appears will be less than 6. How many such special numbers are there with at most 36 digits?",8
430b63,What is the minimum value of $5x^2+5y^2-8xy$ when $x$ and $y$ range over all real numbers such that $|x-2y| + |y-2x| = 40$?,800
5277ed,There exists a unique increasing geometric sequence of five 2-digit positive integers. What is their sum?,496
739bc9,For how many positive integers $m$ does the equation \[\vert \vert x-1 \vert -2 \vert=\frac{m}{100}\] have $4$ distinct solutions?,100
82e2a0,"Suppose that we roll four 6-sided fair dice with faces numbered 1 to~6. Let $a/b$ be the probability that the highest roll is a 5, where $a$ and $b$ are relatively prime positive integers. Find $a + b$.",97
8ee6f3,"The points $\left(x, y\right)$ satisfying $((\vert x + y \vert - 10)^2 + ( \vert x - y \vert - 10)^2)((\vert x \vert - 8)^2 + ( \vert y \vert - 8)^2) = 0$ enclose a convex polygon. What is the area of this convex polygon?",256
bedda4,Let $ABCD$ be a unit square. Let $P$ be the point on $AB$ such that $|AP| = 1/{20}$ and let $Q$ be the point on $AD$ such that $|AQ| = 1/{24}$. The lines $DP$ and $BQ$ divide the square into four regions. Find the ratio between the areas of the largest region and the smallest region.,0
d7e9c9,A function $f: \mathbb N \to \mathbb N$ satisfies the following two conditions for all positive integers $n$:$f(f(f(n)))=8n-7$ and $f(2n)=2f(n)+1$. Calculate $f(100)$.,199
id,problem,answer
229ee8,"Let $k, l > 0$ be parameters. The parabola $y = kx^2 - 2kx + l$ intersects the line $y = 4$ at two points $A$ and $B$. These points are distance 6 apart. What is the sum of the squares of the distances from $A$ and $B$ to the origin?",38
246d26,Each of the three-digits numbers $111$ to $999$ is coloured blue or yellow in such a way that the sum of any two (not necessarily different) yellow numbers is equal to a blue number. What is the maximum possible number of yellow numbers there can be?,888
2fc4ad,"Let the `sparkle' operation on positive integer $n$ consist of calculating the sum of the digits of $n$ and taking its factorial, e.g. the sparkle of 13 is $4! = 24$. A robot starts with a positive integer on a blackboard, then after each second for the rest of eternity, replaces the number on the board with its sparkle. For some `special' numbers, if they're the first number, then eventually every number that appears will be less than 6. How many such special numbers are there with at most 36 digits?",5
430b63,What is the minimum value of $5x^2+5y^2-8xy$ when $x$ and $y$ range over all real numbers such that $|x-2y| + |y-2x| = 40$?,800
5277ed,There exists a unique increasing geometric sequence of five 2-digit positive integers. What is their sum?,310
739bc9,For how many positive integers $m$ does the equation \[\vert \vert x-1 \vert -2 \vert=\frac{m}{100}\] have $4$ distinct solutions?,200
82e2a0,"Suppose that we roll four 6-sided fair dice with faces numbered 1 to~6. Let $a/b$ be the probability that the highest roll is a 5, where $a$ and $b$ are relatively prime positive integers. Find $a + b$.",97
8ee6f3,"The points $\left(x, y\right)$ satisfying $((\vert x + y \vert - 10)^2 + ( \vert x - y \vert - 10)^2)((\vert x \vert - 8)^2 + ( \vert y \vert - 8)^2) = 0$ enclose a convex polygon. What is the area of this convex polygon?",256
bedda4,Let $ABCD$ be a unit square. Let $P$ be the point on $AB$ such that $|AP| = 1/{20}$ and let $Q$ be the point on $AD$ such that $|AQ| = 1/{24}$. The lines $DP$ and $BQ$ divide the square into four regions. Find the ratio between the areas of the largest region and the smallest region.,437
d7e9c9,A function $f: \mathbb N \to \mathbb N$ satisfies the following two conditions for all positive integers $n$:$f(f(f(n)))=8n-7$ and $f(2n)=2f(n)+1$. Calculate $f(100)$.,793
id,problem,answer
229ee8,"Let $k, l > 0$ be parameters. The parabola $y = kx^2 - 2kx + l$ intersects the line $y = 4$ at two points $A$ and $B$. These points are distance 6 apart. What is the sum of the squares of the distances from $A$ and $B$ to the origin?",36
246d26,Each of the three-digits numbers $111$ to $999$ is coloured blue or yellow in such a way that the sum of any two (not necessarily different) yellow numbers is equal to a blue number. What is the maximum possible number of yellow numbers there can be?,21
2fc4ad,"Let the `sparkle' operation on positive integer $n$ consist of calculating the sum of the digits of $n$ and taking its factorial, e.g. the sparkle of 13 is $4! = 24$. A robot starts with a positive integer on a blackboard, then after each second for the rest of eternity, replaces the number on the board with its sparkle. For some `special' numbers, if they're the first number, then eventually every number that appears will be less than 6. How many such special numbers are there with at most 36 digits?",5
430b63,What is the minimum value of $5x^2+5y^2-8xy$ when $x$ and $y$ range over all real numbers such that $|x-2y| + |y-2x| = 40$?,400
5277ed,There exists a unique increasing geometric sequence of five 2-digit positive integers. What is their sum?,186
739bc9,For how many positive integers $m$ does the equation \[\vert \vert x-1 \vert -2 \vert=\frac{m}{100}\] have $4$ distinct solutions?,1
82e2a0,"Suppose that we roll four 6-sided fair dice with faces numbered 1 to~6. Let $a/b$ be the probability that the highest roll is a 5, where $a$ and $b$ are relatively prime positive integers. Find $a + b$.",921
8ee6f3,"The points $\left(x, y\right)$ satisfying $((\vert x + y \vert - 10)^2 + ( \vert x - y \vert - 10)^2)((\vert x \vert - 8)^2 + ( \vert y \vert - 8)^2) = 0$ enclose a convex polygon. What is the area of this convex polygon?",256
bedda4,Let $ABCD$ be a unit square. Let $P$ be the point on $AB$ such that $|AP| = 1/{20}$ and let $Q$ be the point on $AD$ such that $|AQ| = 1/{24}$. The lines $DP$ and $BQ$ divide the square into four regions. Find the ratio between the areas of the largest region and the smallest region.,1
d7e9c9,A function $f: \mathbb N \to \mathbb N$ satisfies the following two conditions for all positive integers $n$:$f(f(f(n)))=8n-7$ and $f(2n)=2f(n)+1$. Calculate $f(100)$.,199
id,problem,answer
229ee8,"Let $k, l > 0$ be parameters. The parabola $y = kx^2 - 2kx + l$ intersects the line $y = 4$ at two points $A$ and $B$. These points are distance 6 apart. What is the sum of the squares of the distances from $A$ and $B$ to the origin?",-1
246d26,Each of the three-digits numbers $111$ to $999$ is coloured blue or yellow in such a way that the sum of any two (not necessarily different) yellow numbers is equal to a blue number. What is the maximum possible number of yellow numbers there can be?,-1
2fc4ad,"Let the `sparkle' operation on positive integer $n$ consist of calculating the sum of the digits of $n$ and taking its factorial, e.g. the sparkle of 13 is $4! = 24$. A robot starts with a positive integer on a blackboard, then after each second for the rest of eternity, replaces the number on the board with its sparkle. For some `special' numbers, if they're the first number, then eventually every number that appears will be less than 6. How many such special numbers are there with at most 36 digits?",-1
430b63,What is the minimum value of $5x^2+5y^2-8xy$ when $x$ and $y$ range over all real numbers such that $|x-2y| + |y-2x| = 40$?,-1
5277ed,There exists a unique increasing geometric sequence of five 2-digit positive integers. What is their sum?,-1
739bc9,For how many positive integers $m$ does the equation \[\vert \vert x-1 \vert -2 \vert=\frac{m}{100}\] have $4$ distinct solutions?,-1
82e2a0,"Suppose that we roll four 6-sided fair dice with faces numbered 1 to~6. Let $a/b$ be the probability that the highest roll is a 5, where $a$ and $b$ are relatively prime positive integers. Find $a + b$.",-1
8ee6f3,"The points $\left(x, y\right)$ satisfying $((\vert x + y \vert - 10)^2 + ( \vert x - y \vert - 10)^2)((\vert x \vert - 8)^2 + ( \vert y \vert - 8)^2) = 0$ enclose a convex polygon. What is the area of this convex polygon?",-1
bedda4,Let $ABCD$ be a unit square. Let $P$ be the point on $AB$ such that $|AP| = 1/{20}$ and let $Q$ be the point on $AD$ such that $|AQ| = 1/{24}$. The lines $DP$ and $BQ$ divide the square into four regions. Find the ratio between the areas of the largest region and the smallest region.,-1
d7e9c9,A function $f: \mathbb N \to \mathbb N$ satisfies the following two conditions for all positive integers $n$:$f(f(f(n)))=8n-7$ and $f(2n)=2f(n)+1$. Calculate $f(100)$.,-1
id,problem,answer
229ee8,"Let $k, l > 0$ be parameters. The parabola $y = kx^2 - 2kx + l$ intersects the line $y = 4$ at two points $A$ and $B$. These points are distance 6 apart. What is the sum of the squares of the distances from $A$ and $B$ to the origin?",42
246d26,Each of the three-digits numbers $111$ to $999$ is coloured blue or yellow in such a way that the sum of any two (not necessarily different) yellow numbers is equal to a blue number. What is the maximum possible number of yellow numbers there can be?,778
2fc4ad,"Let the `sparkle' operation on positive integer $n$ consist of calculating the sum of the digits of $n$ and taking its factorial, e.g. the sparkle of 13 is $4! = 24$. A robot starts with a positive integer on a blackboard, then after each second for the rest of eternity, replaces the number on the board with its sparkle. For some `special' numbers, if they're the first number, then eventually every number that appears will be less than 6. How many such special numbers are there with at most 36 digits?",8
430b63,What is the minimum value of $5x^2+5y^2-8xy$ when $x$ and $y$ range over all real numbers such that $|x-2y| + |y-2x| = 40$?,800
5277ed,There exists a unique increasing geometric sequence of five 2-digit positive integers. What is their sum?,310
739bc9,For how many positive integers $m$ does the equation \[\vert \vert x-1 \vert -2 \vert=\frac{m}{100}\] have $4$ distinct solutions?,0
82e2a0,"Suppose that we roll four 6-sided fair dice with faces numbered 1 to~6. Let $a/b$ be the probability that the highest roll is a 5, where $a$ and $b$ are relatively prime positive integers. Find $a + b$.",97
8ee6f3,"The points $\left(x, y\right)$ satisfying $((\vert x + y \vert - 10)^2 + ( \vert x - y \vert - 10)^2)((\vert x \vert - 8)^2 + ( \vert y \vert - 8)^2) = 0$ enclose a convex polygon. What is the area of this convex polygon?",2
bedda4,Let $ABCD$ be a unit square. Let $P$ be the point on $AB$ such that $|AP| = 1/{20}$ and let $Q$ be the point on $AD$ such that $|AQ| = 1/{24}$. The lines $DP$ and $BQ$ divide the square into four regions. Find the ratio between the areas of the largest region and the smallest region.,958
d7e9c9,A function $f: \mathbb N \to \mathbb N$ satisfies the following two conditions for all positive integers $n$:$f(f(f(n)))=8n-7$ and $f(2n)=2f(n)+1$. Calculate $f(100)$.,24
id,problem,answer
229ee8,"Let $k, l > 0$ be parameters. The parabola $y = kx^2 - 2kx + l$ intersects the line $y = 4$ at two points $A$ and $B$. These points are distance 6 apart. What is the sum of the squares of the distances from $A$ and $B$ to the origin?",-1
246d26,Each of the three-digits numbers $111$ to $999$ is coloured blue or yellow in such a way that the sum of any two (not necessarily different) yellow numbers is equal to a blue number. What is the maximum possible number of yellow numbers there can be?,988
2fc4ad,"Let the `sparkle' operation on positive integer $n$ consist of calculating the sum of the digits of $n$ and taking its factorial, e.g. the sparkle of 13 is $4! = 24$. A robot starts with a positive integer on a blackboard, then after each second for the rest of eternity, replaces the number on the board with its sparkle. For some `special' numbers, if they're the first number, then eventually every number that appears will be less than 6. How many such special numbers are there with at most 36 digits?",7
430b63,What is the minimum value of $5x^2+5y^2-8xy$ when $x$ and $y$ range over all real numbers such that $|x-2y| + |y-2x| = 40$?,0
5277ed,There exists a unique increasing geometric sequence of five 2-digit positive integers. What is their sum?,25
739bc9,For how many positive integers $m$ does the equation \[\vert \vert x-1 \vert -2 \vert=\frac{m}{100}\] have $4$ distinct solutions?,100
82e2a0,"Suppose that we roll four 6-sided fair dice with faces numbered 1 to~6. Let $a/b$ be the probability that the highest roll is a 5, where $a$ and $b$ are relatively prime positive integers. Find $a + b$.",967
8ee6f3,"The points $\left(x, y\right)$ satisfying $((\vert x + y \vert - 10)^2 + ( \vert x - y \vert - 10)^2)((\vert x \vert - 8)^2 + ( \vert y \vert - 8)^2) = 0$ enclose a convex polygon. What is the area of this convex polygon?",320
bedda4,Let $ABCD$ be a unit square. Let $P$ be the point on $AB$ such that $|AP| = 1/{20}$ and let $Q$ be the point on $AD$ such that $|AQ| = 1/{24}$. The lines $DP$ and $BQ$ divide the square into four regions. Find the ratio between the areas of the largest region and the smallest region.,916
d7e9c9,A function $f: \mathbb N \to \mathbb N$ satisfies the following two conditions for all positive integers $n$:$f(f(f(n)))=8n-7$ and $f(2n)=2f(n)+1$. Calculate $f(100)$.,7
id,problem,answer
229ee8,"Let $k, l > 0$ be parameters. The parabola $y = kx^2 - 2kx + l$ intersects the line $y = 4$ at two points $A$ and $B$. These points are distance 6 apart. What is the sum of the squares of the distances from $A$ and $B$ to the origin?",20
246d26,Each of the three-digits numbers $111$ to $999$ is coloured blue or yellow in such a way that the sum of any two (not necessarily different) yellow numbers is equal to a blue number. What is the maximum possible number of yellow numbers there can be?,2
2fc4ad,"Let the `sparkle' operation on positive integer $n$ consist of calculating the sum of the digits of $n$ and taking its factorial, e.g. the sparkle of 13 is $4! = 24$. A robot starts with a positive integer on a blackboard, then after each second for the rest of eternity, replaces the number on the board with its sparkle. For some `special' numbers, if they're the first number, then eventually every number that appears will be less than 6. How many such special numbers are there with at most 36 digits?",36
430b63,What is the minimum value of $5x^2+5y^2-8xy$ when $x$ and $y$ range over all real numbers such that $|x-2y| + |y-2x| = 40$?,800
5277ed,There exists a unique increasing geometric sequence of five 2-digit positive integers. What is their sum?,62
739bc9,For how many positive integers $m$ does the equation \[\vert \vert x-1 \vert -2 \vert=\frac{m}{100}\] have $4$ distinct solutions?,100
82e2a0,"Suppose that we roll four 6-sided fair dice with faces numbered 1 to~6. Let $a/b$ be the probability that the highest roll is a 5, where $a$ and $b$ are relatively prime positive integers. Find $a + b$.",967
8ee6f3,"The points $\left(x, y\right)$ satisfying $((\vert x + y \vert - 10)^2 + ( \vert x - y \vert - 10)^2)((\vert x \vert - 8)^2 + ( \vert y \vert - 8)^2) = 0$ enclose a convex polygon. What is the area of this convex polygon?",309
bedda4,Let $ABCD$ be a unit square. Let $P$ be the point on $AB$ such that $|AP| = 1/{20}$ and let $Q$ be the point on $AD$ such that $|AQ| = 1/{24}$. The lines $DP$ and $BQ$ divide the square into four regions. Find the ratio between the areas of the largest region and the smallest region.,916
d7e9c9,A function $f: \mathbb N \to \mathbb N$ satisfies the following two conditions for all positive integers $n$:$f(f(f(n)))=8n-7$ and $f(2n)=2f(n)+1$. Calculate $f(100)$.,201
id,problem,answer
229ee8,"Let $k, l > 0$ be parameters. The parabola $y = kx^2 - 2kx + l$ intersects the line $y = 4$ at two points $A$ and $B$. These points are distance 6 apart. What is the sum of the squares of the distances from $A$ and $B$ to the origin?",20
246d26,Each of the three-digits numbers $111$ to $999$ is coloured blue or yellow in such a way that the sum of any two (not necessarily different) yellow numbers is equal to a blue number. What is the maximum possible number of yellow numbers there can be?,800
2fc4ad,"Let the `sparkle' operation on positive integer $n$ consist of calculating the sum of the digits of $n$ and taking its factorial, e.g. the sparkle of 13 is $4! = 24$. A robot starts with a positive integer on a blackboard, then after each second for the rest of eternity, replaces the number on the board with its sparkle. For some `special' numbers, if they're the first number, then eventually every number that appears will be less than 6. How many such special numbers are there with at most 36 digits?",100
430b63,What is the minimum value of $5x^2+5y^2-8xy$ when $x$ and $y$ range over all real numbers such that $|x-2y| + |y-2x| = 40$?,256
5277ed,There exists a unique increasing geometric sequence of five 2-digit positive integers. What is their sum?,97
id,problem,answer
229ee8,"Let $k, l > 0$ be parameters. The parabola $y = kx^2 - 2kx + l$ intersects the line $y = 4$ at two points $A$ and $B$. These points are distance 6 apart. What is the sum of the squares of the distances from $A$ and $B$ to the origin?",100
246d26,Each of the three-digits numbers $111$ to $999$ is coloured blue or yellow in such a way that the sum of any two (not necessarily different) yellow numbers is equal to a blue number. What is the maximum possible number of yellow numbers there can be?,600
2fc4ad,"Let the `sparkle' operation on positive integer $n$ consist of calculating the sum of the digits of $n$ and taking its factorial, e.g. the sparkle of 13 is $4! = 24$. A robot starts with a positive integer on a blackboard, then after each second for the rest of eternity, replaces the number on the board with its sparkle. For some `special' numbers, if they're the first number, then eventually every number that appears will be less than 6. How many such special numbers are there with at most 36 digits?",100
430b63,What is the minimum value of $5x^2+5y^2-8xy$ when $x$ and $y$ range over all real numbers such that $|x-2y| + |y-2x| = 40$?,64
5277ed,There exists a unique increasing geometric sequence of five 2-digit positive integers. What is their sum?,199
id,problem,answer
229ee8,"Let $k, l > 0$ be parameters. The parabola $y = kx^2 - 2kx + l$ intersects the line $y = 4$ at two points $A$ and $B$. These points are distance 6 apart. What is the sum of the squares of the distances from $A$ and $B$ to the origin?",4
246d26,Each of the three-digits numbers $111$ to $999$ is coloured blue or yellow in such a way that the sum of any two (not necessarily different) yellow numbers is equal to a blue number. What is the maximum possible number of yellow numbers there can be?,800
2fc4ad,"Let the `sparkle' operation on positive integer $n$ consist of calculating the sum of the digits of $n$ and taking its factorial, e.g. the sparkle of 13 is $4! = 24$. A robot starts with a positive integer on a blackboard, then after each second for the rest of eternity, replaces the number on the board with its sparkle. For some `special' numbers, if they're the first number, then eventually every number that appears will be less than 6. How many such special numbers are there with at most 36 digits?",200
430b63,What is the minimum value of $5x^2+5y^2-8xy$ when $x$ and $y$ range over all real numbers such that $|x-2y| + |y-2x| = 40$?,256
5277ed,There exists a unique increasing geometric sequence of five 2-digit positive integers. What is their sum?,111
id,problem,answer
229ee8,"Let $k, l > 0$ be parameters. The parabola $y = kx^2 - 2kx + l$ intersects the line $y = 4$ at two points $A$ and $B$. These points are distance 6 apart. What is the sum of the squares of the distances from $A$ and $B$ to the origin?",6
246d26,Each of the three-digits numbers $111$ to $999$ is coloured blue or yellow in such a way that the sum of any two (not necessarily different) yellow numbers is equal to a blue number. What is the maximum possible number of yellow numbers there can be?,800
2fc4ad,"Let the `sparkle' operation on positive integer $n$ consist of calculating the sum of the digits of $n$ and taking its factorial, e.g. the sparkle of 13 is $4! = 24$. A robot starts with a positive integer on a blackboard, then after each second for the rest of eternity, replaces the number on the board with its sparkle. For some `special' numbers, if they're the first number, then eventually every number that appears will be less than 6. How many such special numbers are there with at most 36 digits?",51
430b63,What is the minimum value of $5x^2+5y^2-8xy$ when $x$ and $y$ range over all real numbers such that $|x-2y| + |y-2x| = 40$?,256
5277ed,There exists a unique increasing geometric sequence of five 2-digit positive integers. What is their sum?,793
id,problem,answer
229ee8,"Let $k, l > 0$ be parameters. The parabola $y = kx^2 - 2kx + l$ intersects the line $y = 4$ at two points $A$ and $B$. These points are distance 6 apart. What is the sum of the squares of the distances from $A$ and $B$ to the origin?",62
246d26,Each of the three-digits numbers $111$ to $999$ is coloured blue or yellow in such a way that the sum of any two (not necessarily different) yellow numbers is equal to a blue number. What is the maximum possible number of yellow numbers there can be?,800
2fc4ad,"Let the `sparkle' operation on positive integer $n$ consist of calculating the sum of the digits of $n$ and taking its factorial, e.g. the sparkle of 13 is $4! = 24$. A robot starts with a positive integer on a blackboard, then after each second for the rest of eternity, replaces the number on the board with its sparkle. For some `special' numbers, if they're the first number, then eventually every number that appears will be less than 6. How many such special numbers are there with at most 36 digits?",1
430b63,What is the minimum value of $5x^2+5y^2-8xy$ when $x$ and $y$ range over all real numbers such that $|x-2y| + |y-2x| = 40$?,256
5277ed,There exists a unique increasing geometric sequence of five 2-digit positive integers. What is their sum?,201
